Workbook

Sheet Reconciliation
A1: Account Reconciliation Summary
A2: TEMPLATE | Created by Tahsin Devrim Mahmud | Contains no real or confidential data
A3: Account name | D3: Period end date | G3: HOW TO RECONCILE
G4: STEP BY STEP:
A5: BANK SIDE | B5: Amount | D5: BOOK (LEDGER) SIDE | E5: Amount | G5: Enter the account name and period end date at the top.
A6: Balance per bank statement | D6: Balance per general ledger | G6: Enter the closing balance from the bank statement and ledger.
A7: Add: deposits in transit | B7: =SUMIFS('General Ledger'!$D$5:$D$104,'General Ledger'!$E$5:$E$104,"No",'General Ledger'!$D$5:$D$104,">0") -> 0 | D7: Add: bank credits not yet recorded | E7: =SUMIFS('Bank Statement'!$D$5:$D$104,'Bank Statement'!$E$5:$E$104,"No",'Bank Statement'!$D$5:$D$104,">0") -> 0 | G7: Fill the Bank Statement and General Ledger tabs.
A8: Less: outstanding cheques / payments | B8: =SUMIFS('General Ledger'!$D$5:$D$104,'General Ledger'!$E$5:$E$104,"No",'General Ledger'!$D$5:$D$104,"<0") -> 0 | D8: Less: bank charges not yet recorded | E8: =SUMIFS('Bank Statement'!$D$5:$D$104,'Bank Statement'!$E$5:$E$104,"No",'Bank Statement'!$D$5:$D$104,"<0") -> 0 | G8: Unmatched items are sorted automatically:
A9: Adjusted bank balance | B9: =N(B6)+B7+B8 -> 0 | D9: Adjusted book balance | E9: =N(E6)+E7+E8 -> 0 | G9: ledger items not on the bank = in transit / outstanding
G10: bank items not in the ledger = entries still to record
A11: Difference | B11: =IF(AND(B6="",E6=""),"",ROUND(B9-E9,2)) | D11: Status | E11: =IF(B11="","Enter balances",IF(B11=0,"RECONCILED","INVESTIGATE")) -> Enter balances | G11: Status turns green and reads RECONCILED when both sides agree.
G12: SUSPENSE ITEMS:
A13: SUSPENSE ACCOUNT STATUS | D13: SIGN-OFF | G13: Log any payment that can't be applied on the Suspense Log tab,
A14: Open suspense items | B14: =COUNTIF('Suspense Log'!$I$5:$I$104,"Open") -> 0 | D14: Prepared by | G14: with the reason and the action taken. Enter a cleared date
A15: Open suspense balance | B15: =SUMIFS('Suspense Log'!$D$5:$D$104,'Suspense Log'!$I$5:$I$104,"Open") -> 0 | D15: Date prepared | G15: once it is applied; the summary tracks what is still open.
A16: Oldest open item (days) | B16: =MAX('Suspense Log'!$J$5:$J$104) -> 0 | D16: Reviewed by | G16: BEFORE SIGN-OFF:
A17: Items cleared | B17: =COUNTIF('Suspense Log'!$I$5:$I$104,"Cleared") -> 0 | D17: Date reviewed | G17: Book journal entries for bank-only items, attach support,
G18: then complete Prepared by / Reviewed by.
G20: COLOUR LEGEND
G21: Pink column header = you type in this column
G22: Navy column header = calculates automatically (do not overwrite)
G23: Yellow cell = a setting you choose
G24: Green / amber / red highlights = status flags

Sheet Bank Statement
A1: Bank Statement
A2: TEMPLATE | Created by Tahsin Devrim Mahmud | Contains no real or confidential data
A4: Date | B4: Reference | C4: Description | D4: Amount (+ in / − out) | E4: Matched? | G4: HOW TO FILL THIS TAB
E5: =IF(B5="","",IF(COUNTIFS('General Ledger'!$B$5:$B$104,B5,'General Ledger'!$D$5:$D$104,D5)>0,"Yes","No")) | G5: Paste or type every transaction for the period.
E6: =IF(B6="","",IF(COUNTIFS('General Ledger'!$B$5:$B$104,B6,'General Ledger'!$D$5:$D$104,D6)>0,"Yes","No")) | G6: Use the same Reference on both tabs (cheque #, deposit ID).
E7: =IF(B7="","",IF(COUNTIFS('General Ledger'!$B$5:$B$104,B7,'General Ledger'!$D$5:$D$104,D7)>0,"Yes","No")) | G7: Money in is positive; money out is negative.
E8: =IF(B8="","",IF(COUNTIFS('General Ledger'!$B$5:$B$104,B8,'General Ledger'!$D$5:$D$104,D8)>0,"Yes","No")) | G8: Matched? = Yes when the same Reference AND Amount appear
E9: =IF(B9="","",IF(COUNTIFS('General Ledger'!$B$5:$B$104,B9,'General Ledger'!$D$5:$D$104,D9)>0,"Yes","No")) | G9: on the other tab. Red rows are reconciling items.
E10: =IF(B10="","",IF(COUNTIFS('General Ledger'!$B$5:$B$104,B10,'General Ledger'!$D$5:$D$104,D10)>0,"Yes","No"))
E11: =IF(B11="","",IF(COUNTIFS('General Ledger'!$B$5:$B$104,B11,'General Ledger'!$D$5:$D$104,D11)>0,"Yes","No")) | G11: COLOUR LEGEND
E12: =IF(B12="","",IF(COUNTIFS('General Ledger'!$B$5:$B$104,B12,'General Ledger'!$D$5:$D$104,D12)>0,"Yes","No")) | G12: Pink column header = you type in this column
E13: =IF(B13="","",IF(COUNTIFS('General Ledger'!$B$5:$B$104,B13,'General Ledger'!$D$5:$D$104,D13)>0,"Yes","No")) | G13: Navy column header = calculates automatically (do not overwrite)
E14: =IF(B14="","",IF(COUNTIFS('General Ledger'!$B$5:$B$104,B14,'General Ledger'!$D$5:$D$104,D14)>0,"Yes","No")) | G14: Yellow cell = a setting you choose
E15: =IF(B15="","",IF(COUNTIFS('General Ledger'!$B$5:$B$104,B15,'General Ledger'!$D$5:$D$104,D15)>0,"Yes","No")) | G15: Green / amber / red highlights = status flags
E16: =IF(B16="","",IF(COUNTIFS('General Ledger'!$B$5:$B$104,B16,'General Ledger'!$D$5:$D$104,D16)>0,"Yes","No"))
E17: =IF(B17="","",IF(COUNTIFS('General Ledger'!$B$5:$B$104,B17,'General Ledger'!$D$5:$D$104,D17)>0,"Yes","No"))
E18: =IF(B18="","",IF(COUNTIFS('General Ledger'!$B$5:$B$104,B18,'General Ledger'!$D$5:$D$104,D18)>0,"Yes","No"))
E19: =IF(B19="","",IF(COUNTIFS('General Ledger'!$B$5:$B$104,B19,'General Ledger'!$D$5:$D$104,D19)>0,"Yes","No"))
E20: =IF(B20="","",IF(COUNTIFS('General Ledger'!$B$5:$B$104,B20,'General Ledger'!$D$5:$D$104,D20)>0,"Yes","No"))
E21: =IF(B21="","",IF(COUNTIFS('General Ledger'!$B$5:$B$104,B21,'General Ledger'!$D$5:$D$104,D21)>0,"Yes","No"))
E22: =IF(B22="","",IF(COUNTIFS('General Ledger'!$B$5:$B$104,B22,'General Ledger'!$D$5:$D$104,D22)>0,"Yes","No"))
E23: =IF(B23="","",IF(COUNTIFS('General Ledger'!$B$5:$B$104,B23,'General Ledger'!$D$5:$D$104,D23)>0,"Yes","No"))
E24: =IF(B24="","",IF(COUNTIFS('General Ledger'!$B$5:$B$104,B24,'General Ledger'!$D$5:$D$104,D24)>0,"Yes","No"))
E25: =IF(B25="","",IF(COUNTIFS('General Ledger'!$B$5:$B$104,B25,'General Ledger'!$D$5:$D$104,D25)>0,"Yes","No"))
E26: =IF(B26="","",IF(COUNTIFS('General Ledger'!$B$5:$B$104,B26,'General Ledger'!$D$5:$D$104,D26)>0,"Yes","No"))
E27: =IF(B27="","",IF(COUNTIFS('General Ledger'!$B$5:$B$104,B27,'General Ledger'!$D$5:$D$104,D27)>0,"Yes","No"))
... E104: =IF(B104="","",IF(COUNTIFS('General Ledger'!$B$5:$B$104,B104,'General Ledger'!$D$5:$D$104,D104)>0,"Yes","No"))

Sheet General Ledger
A1: General Ledger (Cash Account)
A2: TEMPLATE | Created by Tahsin Devrim Mahmud | Contains no real or confidential data
A4: Date | B4: Reference | C4: Description | D4: Amount (+ in / − out) | E4: Matched? | G4: HOW TO FILL THIS TAB
E5: =IF(B5="","",IF(COUNTIFS('Bank Statement'!$B$5:$B$104,B5,'Bank Statement'!$D$5:$D$104,D5)>0,"Yes","No")) | G5: Paste or type every transaction for the period.
E6: =IF(B6="","",IF(COUNTIFS('Bank Statement'!$B$5:$B$104,B6,'Bank Statement'!$D$5:$D$104,D6)>0,"Yes","No")) | G6: Use the same Reference on both tabs (cheque #, deposit ID).
E7: =IF(B7="","",IF(COUNTIFS('Bank Statement'!$B$5:$B$104,B7,'Bank Statement'!$D$5:$D$104,D7)>0,"Yes","No")) | G7: Money in is positive; money out is negative.
E8: =IF(B8="","",IF(COUNTIFS('Bank Statement'!$B$5:$B$104,B8,'Bank Statement'!$D$5:$D$104,D8)>0,"Yes","No")) | G8: Matched? = Yes when the same Reference AND Amount appear
E9: =IF(B9="","",IF(COUNTIFS('Bank Statement'!$B$5:$B$104,B9,'Bank Statement'!$D$5:$D$104,D9)>0,"Yes","No")) | G9: on the other tab. Red rows are reconciling items.
E10: =IF(B10="","",IF(COUNTIFS('Bank Statement'!$B$5:$B$104,B10,'Bank Statement'!$D$5:$D$104,D10)>0,"Yes","No"))
E11: =IF(B11="","",IF(COUNTIFS('Bank Statement'!$B$5:$B$104,B11,'Bank Statement'!$D$5:$D$104,D11)>0,"Yes","No")) | G11: COLOUR LEGEND
E12: =IF(B12="","",IF(COUNTIFS('Bank Statement'!$B$5:$B$104,B12,'Bank Statement'!$D$5:$D$104,D12)>0,"Yes","No")) | G12: Pink column header = you type in this column
E13: =IF(B13="","",IF(COUNTIFS('Bank Statement'!$B$5:$B$104,B13,'Bank Statement'!$D$5:$D$104,D13)>0,"Yes","No")) | G13: Navy column header = calculates automatically (do not overwrite)
E14: =IF(B14="","",IF(COUNTIFS('Bank Statement'!$B$5:$B$104,B14,'Bank Statement'!$D$5:$D$104,D14)>0,"Yes","No")) | G14: Yellow cell = a setting you choose
E15: =IF(B15="","",IF(COUNTIFS('Bank Statement'!$B$5:$B$104,B15,'Bank Statement'!$D$5:$D$104,D15)>0,"Yes","No")) | G15: Green / amber / red highlights = status flags
E16: =IF(B16="","",IF(COUNTIFS('Bank Statement'!$B$5:$B$104,B16,'Bank Statement'!$D$5:$D$104,D16)>0,"Yes","No"))
E17: =IF(B17="","",IF(COUNTIFS('Bank Statement'!$B$5:$B$104,B17,'Bank Statement'!$D$5:$D$104,D17)>0,"Yes","No"))
E18: =IF(B18="","",IF(COUNTIFS('Bank Statement'!$B$5:$B$104,B18,'Bank Statement'!$D$5:$D$104,D18)>0,"Yes","No"))
E19: =IF(B19="","",IF(COUNTIFS('Bank Statement'!$B$5:$B$104,B19,'Bank Statement'!$D$5:$D$104,D19)>0,"Yes","No"))
E20: =IF(B20="","",IF(COUNTIFS('Bank Statement'!$B$5:$B$104,B20,'Bank Statement'!$D$5:$D$104,D20)>0,"Yes","No"))
E21: =IF(B21="","",IF(COUNTIFS('Bank Statement'!$B$5:$B$104,B21,'Bank Statement'!$D$5:$D$104,D21)>0,"Yes","No"))
E22: =IF(B22="","",IF(COUNTIFS('Bank Statement'!$B$5:$B$104,B22,'Bank Statement'!$D$5:$D$104,D22)>0,"Yes","No"))
E23: =IF(B23="","",IF(COUNTIFS('Bank Statement'!$B$5:$B$104,B23,'Bank Statement'!$D$5:$D$104,D23)>0,"Yes","No"))
E24: =IF(B24="","",IF(COUNTIFS('Bank Statement'!$B$5:$B$104,B24,'Bank Statement'!$D$5:$D$104,D24)>0,"Yes","No"))
E25: =IF(B25="","",IF(COUNTIFS('Bank Statement'!$B$5:$B$104,B25,'Bank Statement'!$D$5:$D$104,D25)>0,"Yes","No"))
E26: =IF(B26="","",IF(COUNTIFS('Bank Statement'!$B$5:$B$104,B26,'Bank Statement'!$D$5:$D$104,D26)>0,"Yes","No"))
E27: =IF(B27="","",IF(COUNTIFS('Bank Statement'!$B$5:$B$104,B27,'Bank Statement'!$D$5:$D$104,D27)>0,"Yes","No"))
... E104: =IF(B104="","",IF(COUNTIFS('Bank Statement'!$B$5:$B$104,B104,'Bank Statement'!$D$5:$D$104,D104)>0,"Yes","No"))

Sheet Suspense Log
A1: Suspense & Unapplied Payments Log
A2: TEMPLATE | Created by Tahsin Devrim Mahmud | Contains no real or confidential data
A4: Date Received | B4: Reference | C4: Payer / Account | D4: Amount | E4: Reason Unapplied | F4: Action Taken | G4: Owner | H4: Date Cleared | I4: Status | J4: Days Open | L4: HOW TO USE THE SUSPENSE LOG
I5: =IF(AND(B5="",D5=""),"",IF(H5<>"","Cleared","Open")) | J5: =IF(OR(A5="",H5<>""),"",TODAY()-A5) | L5: Log every payment that can't be applied to an account.
I6: =IF(AND(B6="",D6=""),"",IF(H6<>"","Cleared","Open")) | J6: =IF(OR(A6="",H6<>""),"",TODAY()-A6) | L6: Choose the reason from the drop-down list.
I7: =IF(AND(B7="",D7=""),"",IF(H7<>"","Cleared","Open")) | J7: =IF(OR(A7="",H7<>""),"",TODAY()-A7) | L7: Record each action taken (e.g. contacted payer, requested
I8: =IF(AND(B8="",D8=""),"",IF(H8<>"","Cleared","Open")) | J8: =IF(OR(A8="",H8<>""),"",TODAY()-A8) | L8: remittance details) and who owns the follow-up.
I9: =IF(AND(B9="",D9=""),"",IF(H9<>"","Cleared","Open")) | J9: =IF(OR(A9="",H9<>""),"",TODAY()-A9) | L9: Enter the Date Cleared once the payment is applied.
I10: =IF(AND(B10="",D10=""),"",IF(H10<>"","Cleared","Open")) | J10: =IF(OR(A10="",H10<>""),"",TODAY()-A10) | L10: Days Open counts up automatically until the item is cleared.
I11: =IF(AND(B11="",D11=""),"",IF(H11<>"","Cleared","Open")) | J11: =IF(OR(A11="",H11<>""),"",TODAY()-A11)
I12: =IF(AND(B12="",D12=""),"",IF(H12<>"","Cleared","Open")) | J12: =IF(OR(A12="",H12<>""),"",TODAY()-A12) | L12: COLOUR LEGEND
I13: =IF(AND(B13="",D13=""),"",IF(H13<>"","Cleared","Open")) | J13: =IF(OR(A13="",H13<>""),"",TODAY()-A13) | L13: Pink column header = you type in this column
I14: =IF(AND(B14="",D14=""),"",IF(H14<>"","Cleared","Open")) | J14: =IF(OR(A14="",H14<>""),"",TODAY()-A14) | L14: Navy column header = calculates automatically (do not overwrite)
I15: =IF(AND(B15="",D15=""),"",IF(H15<>"","Cleared","Open")) | J15: =IF(OR(A15="",H15<>""),"",TODAY()-A15) | L15: Yellow cell = a setting you choose
I16: =IF(AND(B16="",D16=""),"",IF(H16<>"","Cleared","Open")) | J16: =IF(OR(A16="",H16<>""),"",TODAY()-A16) | L16: Green / amber / red highlights = status flags
I17: =IF(AND(B17="",D17=""),"",IF(H17<>"","Cleared","Open")) | J17: =IF(OR(A17="",H17<>""),"",TODAY()-A17)
I18: =IF(AND(B18="",D18=""),"",IF(H18<>"","Cleared","Open")) | J18: =IF(OR(A18="",H18<>""),"",TODAY()-A18)
I19: =IF(AND(B19="",D19=""),"",IF(H19<>"","Cleared","Open")) | J19: =IF(OR(A19="",H19<>""),"",TODAY()-A19)
I20: =IF(AND(B20="",D20=""),"",IF(H20<>"","Cleared","Open")) | J20: =IF(OR(A20="",H20<>""),"",TODAY()-A20)
I21: =IF(AND(B21="",D21=""),"",IF(H21<>"","Cleared","Open")) | J21: =IF(OR(A21="",H21<>""),"",TODAY()-A21)
I22: =IF(AND(B22="",D22=""),"",IF(H22<>"","Cleared","Open")) | J22: =IF(OR(A22="",H22<>""),"",TODAY()-A22)
I23: =IF(AND(B23="",D23=""),"",IF(H23<>"","Cleared","Open")) | J23: =IF(OR(A23="",H23<>""),"",TODAY()-A23)
I24: =IF(AND(B24="",D24=""),"",IF(H24<>"","Cleared","Open")) | J24: =IF(OR(A24="",H24<>""),"",TODAY()-A24)
I25: =IF(AND(B25="",D25=""),"",IF(H25<>"","Cleared","Open")) | J25: =IF(OR(A25="",H25<>""),"",TODAY()-A25)
I26: =IF(AND(B26="",D26=""),"",IF(H26<>"","Cleared","Open")) | J26: =IF(OR(A26="",H26<>""),"",TODAY()-A26)
I27: =IF(AND(B27="",D27=""),"",IF(H27<>"","Cleared","Open")) | J27: =IF(OR(A27="",H27<>""),"",TODAY()-A27)
I28: =IF(AND(B28="",D28=""),"",IF(H28<>"","Cleared","Open")) | J28: =IF(OR(A28="",H28<>""),"",TODAY()-A28)
... I104: =IF(AND(B104="",D104=""),"",IF(H104<>"","Cleared","Open")) | J104: =IF(OR(A104="",H104<>""),"",TODAY()-A104)
