Workbook

Sheet Aging Summary
A1: AP Aging Summary & Payment Priorities | Z1: =IF(C4="",TODAY(),C4) -> 46294
A2: TEMPLATE | Created by Tahsin Devrim Mahmud | Ready for your own data
A4: Aging as of (leave blank for today) | G4: HOW TO USE THE AGING SUMMARY
G5: Fill in the Invoice Register tab; this page updates by itself.
G6: Leave the yellow date blank to age invoices as of today, or
A7: Aging Bucket | C7: Balance Owing | D7: # Invoices | E7: % of Total | G7: enter a month-end date to produce a period-end aging report.
A8: Current | C8: =SUMIFS('Invoice Register'!$H$5:$H$154,'Invoice Register'!$J$5:$J$154,A8) -> 0 | D8: =COUNTIF('Invoice Register'!$J$5:$J$154,A8) -> 0 | E8: =IFERROR(C8/$C$13,0) -> 0 | G8: READING THE REPORT:
A9: Up to one month past due | C9: =SUMIFS('Invoice Register'!$H$5:$H$154,'Invoice Register'!$J$5:$J$154,A9) -> 0 | D9: =COUNTIF('Invoice Register'!$J$5:$J$154,A9) -> 0 | E9: =IFERROR(C9/$C$13,0) -> 0 | G9: Balances are grouped by how far past the due date they are.
A10: One to two months past due | C10: =SUMIFS('Invoice Register'!$H$5:$H$154,'Invoice Register'!$J$5:$J$154,A10) -> 0 | D10: =COUNTIF('Invoice Register'!$J$5:$J$154,A10) -> 0 | E10: =IFERROR(C10/$C$13,0) -> 0 | G10: The % column shows where the payable balance is concentrated.
A11: Two to three months past due | C11: =SUMIFS('Invoice Register'!$H$5:$H$154,'Invoice Register'!$J$5:$J$154,A11) -> 0 | D11: =COUNTIF('Invoice Register'!$J$5:$J$154,A11) -> 0 | E11: =IFERROR(C11/$C$13,0) -> 0 | G11: CONTROL CHECKS:
A12: Over three months past due | C12: =SUMIFS('Invoice Register'!$H$5:$H$154,'Invoice Register'!$J$5:$J$154,A12) -> 0 | D12: =COUNTIF('Invoice Register'!$J$5:$J$154,A12) -> 0 | E12: =IFERROR(C12/$C$13,0) -> 0 | G12: Older balances need a vendor call or escalation.
A13: Total outstanding | C13: =SUM(C8:C12) -> 0 | D13: =SUM(D8:D12) -> 0 | E13: =SUM(E8:E12) -> 0 | G13: Failed matches should not be paid until resolved.
G14: Duplicate invoice numbers may mean a double payment risk.
A15: CONTROL CHECKS | G15: 'Ties to register' confirms the summary is complete.
A16: Balance more than two months past due | C16: =C11+C12 -> 0
A17: Invoices failing the three-way match | C17: =COUNTIF('Invoice Register'!$L$5:$L$154,"No") -> 0 | G17: COLOUR LEGEND
A18: Possible duplicate invoice numbers | C18: =SUMPRODUCT(('Invoice Register'!$B$5:$B$154<>"")*(COUNTIF('Invoice Register'!$B$5:$B$154,'Invoice Register'!$B$5:$B$154)>1)) -> 0 | G18: Pink column header = you type in this column
A19: Summary ties to register? | C19: =IF(ROUND(C13-SUM('Invoice Register'!$H$5:$H$154),2)=0,"Yes","CHECK") -> Yes | G19: Navy column header = calculates automatically (do not overwrite)
G20: Yellow cell = a setting you choose
G21: Green / amber / red highlights = status flags

Sheet Invoice Register
A1: Accounts Payable Invoice Register
A2: TEMPLATE | Created by Tahsin Devrim Mahmud | Ready for your own data
A4: Vendor | B4: Invoice # | C4: Invoice Date | D4: Payment Terms (days) | E4: Due Date | F4: Invoice Amount | G4: Amount Paid | H4: Balance Owing | I4: Days Past Due | J4: Aging Bucket | K4: Follow-Up Action | L4: PO / Receipt / Invoice Match? | N4: HOW TO USE THE REGISTER
E5: =IF(OR(C5="",D5=""),"",C5+D5) | H5: =IF(F5="","",F5-N(G5)) | I5: =IF(OR(H5="",E5=""),"",IF(H5<=0,0,MAX(0,'Aging Summary'!$Z$1-E5))) | J5: =IF(H5="","",IF(H5<=0,"Paid",IF(OR(I5="",I5=0),"Current",IF(I5<=30,"Up to one month past due",IF(I5<=60,"One to two months past due",IF(I5<=90,"Two to three months past due","Over three months past due")))))) | K5: =IF(J5="","",IF(J5="Paid","None: closed",IF(J5="Current","Schedule for next payment run",IF(J5="Up to one month past due","Pay this week",IF(J5="One to two months past due","Contact vendor and confirm balance","Escalate and check for dispute"))))) | N5: Enter each vendor invoice on its own row.
E6: =IF(OR(C6="",D6=""),"",C6+D6) | H6: =IF(F6="","",F6-N(G6)) | I6: =IF(OR(H6="",E6=""),"",IF(H6<=0,0,MAX(0,'Aging Summary'!$Z$1-E6))) | J6: =IF(H6="","",IF(H6<=0,"Paid",IF(OR(I6="",I6=0),"Current",IF(I6<=30,"Up to one month past due",IF(I6<=60,"One to two months past due",IF(I6<=90,"Two to three months past due","Over three months past due")))))) | K6: =IF(J6="","",IF(J6="Paid","None: closed",IF(J6="Current","Schedule for next payment run",IF(J6="Up to one month past due","Pay this week",IF(J6="One to two months past due","Contact vendor and confirm balance","Escalate and check for dispute"))))) | N6: Payment terms = the number of days the vendor allows.
E7: =IF(OR(C7="",D7=""),"",C7+D7) | H7: =IF(F7="","",F7-N(G7)) | I7: =IF(OR(H7="",E7=""),"",IF(H7<=0,0,MAX(0,'Aging Summary'!$Z$1-E7))) | J7: =IF(H7="","",IF(H7<=0,"Paid",IF(OR(I7="",I7=0),"Current",IF(I7<=30,"Up to one month past due",IF(I7<=60,"One to two months past due",IF(I7<=90,"Two to three months past due","Over three months past due")))))) | K7: =IF(J7="","",IF(J7="Paid","None: closed",IF(J7="Current","Schedule for next payment run",IF(J7="Up to one month past due","Pay this week",IF(J7="One to two months past due","Contact vendor and confirm balance","Escalate and check for dispute"))))) | N7: Record payments in Amount Paid (partial payments are fine).
E8: =IF(OR(C8="",D8=""),"",C8+D8) | H8: =IF(F8="","",F8-N(G8)) | I8: =IF(OR(H8="",E8=""),"",IF(H8<=0,0,MAX(0,'Aging Summary'!$Z$1-E8))) | J8: =IF(H8="","",IF(H8<=0,"Paid",IF(OR(I8="",I8=0),"Current",IF(I8<=30,"Up to one month past due",IF(I8<=60,"One to two months past due",IF(I8<=90,"Two to three months past due","Over three months past due")))))) | K8: =IF(J8="","",IF(J8="Paid","None: closed",IF(J8="Current","Schedule for next payment run",IF(J8="Up to one month past due","Pay this week",IF(J8="One to two months past due","Contact vendor and confirm balance","Escalate and check for dispute"))))) | N8: Due date, balance, days past due, aging bucket and the
E9: =IF(OR(C9="",D9=""),"",C9+D9) | H9: =IF(F9="","",F9-N(G9)) | I9: =IF(OR(H9="",E9=""),"",IF(H9<=0,0,MAX(0,'Aging Summary'!$Z$1-E9))) | J9: =IF(H9="","",IF(H9<=0,"Paid",IF(OR(I9="",I9=0),"Current",IF(I9<=30,"Up to one month past due",IF(I9<=60,"One to two months past due",IF(I9<=90,"Two to three months past due","Over three months past due")))))) | K9: =IF(J9="","",IF(J9="Paid","None: closed",IF(J9="Current","Schedule for next payment run",IF(J9="Up to one month past due","Pay this week",IF(J9="One to two months past due","Contact vendor and confirm balance","Escalate and check for dispute"))))) | N9: follow-up action all calculate automatically.
E10: =IF(OR(C10="",D10=""),"",C10+D10) | H10: =IF(F10="","",F10-N(G10)) | I10: =IF(OR(H10="",E10=""),"",IF(H10<=0,0,MAX(0,'Aging Summary'!$Z$1-E10))) | J10: =IF(H10="","",IF(H10<=0,"Paid",IF(OR(I10="",I10=0),"Current",IF(I10<=30,"Up to one month past due",IF(I10<=60,"One to two months past due",IF(I10<=90,"Two to three months past due","Over three months past due")))))) | K10: =IF(J10="","",IF(J10="Paid","None: closed",IF(J10="Current","Schedule for next payment run",IF(J10="Up to one month past due","Pay this week",IF(J10="One to two months past due","Contact vendor and confirm balance","Escalate and check for dispute"))))) | N10: Match? = Yes only when the purchase order, receiving record
E11: =IF(OR(C11="",D11=""),"",C11+D11) | H11: =IF(F11="","",F11-N(G11)) | I11: =IF(OR(H11="",E11=""),"",IF(H11<=0,0,MAX(0,'Aging Summary'!$Z$1-E11))) | J11: =IF(H11="","",IF(H11<=0,"Paid",IF(OR(I11="",I11=0),"Current",IF(I11<=30,"Up to one month past due",IF(I11<=60,"One to two months past due",IF(I11<=90,"Two to three months past due","Over three months past due")))))) | K11: =IF(J11="","",IF(J11="Paid","None: closed",IF(J11="Current","Schedule for next payment run",IF(J11="Up to one month past due","Pay this week",IF(J11="One to two months past due","Contact vendor and confirm balance","Escalate and check for dispute"))))) | N11: and invoice agree. Red means hold payment and investigate.
E12: =IF(OR(C12="",D12=""),"",C12+D12) | H12: =IF(F12="","",F12-N(G12)) | I12: =IF(OR(H12="",E12=""),"",IF(H12<=0,0,MAX(0,'Aging Summary'!$Z$1-E12))) | J12: =IF(H12="","",IF(H12<=0,"Paid",IF(OR(I12="",I12=0),"Current",IF(I12<=30,"Up to one month past due",IF(I12<=60,"One to two months past due",IF(I12<=90,"Two to three months past due","Over three months past due")))))) | K12: =IF(J12="","",IF(J12="Paid","None: closed",IF(J12="Current","Schedule for next payment run",IF(J12="Up to one month past due","Pay this week",IF(J12="One to two months past due","Contact vendor and confirm balance","Escalate and check for dispute")))))
E13: =IF(OR(C13="",D13=""),"",C13+D13) | H13: =IF(F13="","",F13-N(G13)) | I13: =IF(OR(H13="",E13=""),"",IF(H13<=0,0,MAX(0,'Aging Summary'!$Z$1-E13))) | J13: =IF(H13="","",IF(H13<=0,"Paid",IF(OR(I13="",I13=0),"Current",IF(I13<=30,"Up to one month past due",IF(I13<=60,"One to two months past due",IF(I13<=90,"Two to three months past due","Over three months past due")))))) | K13: =IF(J13="","",IF(J13="Paid","None: closed",IF(J13="Current","Schedule for next payment run",IF(J13="Up to one month past due","Pay this week",IF(J13="One to two months past due","Contact vendor and confirm balance","Escalate and check for dispute"))))) | N13: COLOUR LEGEND
E14: =IF(OR(C14="",D14=""),"",C14+D14) | H14: =IF(F14="","",F14-N(G14)) | I14: =IF(OR(H14="",E14=""),"",IF(H14<=0,0,MAX(0,'Aging Summary'!$Z$1-E14))) | J14: =IF(H14="","",IF(H14<=0,"Paid",IF(OR(I14="",I14=0),"Current",IF(I14<=30,"Up to one month past due",IF(I14<=60,"One to two months past due",IF(I14<=90,"Two to three months past due","Over three months past due")))))) | K14: =IF(J14="","",IF(J14="Paid","None: closed",IF(J14="Current","Schedule for next payment run",IF(J14="Up to one month past due","Pay this week",IF(J14="One to two months past due","Contact vendor and confirm balance","Escalate and check for dispute"))))) | N14: Pink column header = you type in this column
E15: =IF(OR(C15="",D15=""),"",C15+D15) | H15: =IF(F15="","",F15-N(G15)) | I15: =IF(OR(H15="",E15=""),"",IF(H15<=0,0,MAX(0,'Aging Summary'!$Z$1-E15))) | J15: =IF(H15="","",IF(H15<=0,"Paid",IF(OR(I15="",I15=0),"Current",IF(I15<=30,"Up to one month past due",IF(I15<=60,"One to two months past due",IF(I15<=90,"Two to three months past due","Over three months past due")))))) | K15: =IF(J15="","",IF(J15="Paid","None: closed",IF(J15="Current","Schedule for next payment run",IF(J15="Up to one month past due","Pay this week",IF(J15="One to two months past due","Contact vendor and confirm balance","Escalate and check for dispute"))))) | N15: Navy column header = calculates automatically (do not overwrite)
E16: =IF(OR(C16="",D16=""),"",C16+D16) | H16: =IF(F16="","",F16-N(G16)) | I16: =IF(OR(H16="",E16=""),"",IF(H16<=0,0,MAX(0,'Aging Summary'!$Z$1-E16))) | J16: =IF(H16="","",IF(H16<=0,"Paid",IF(OR(I16="",I16=0),"Current",IF(I16<=30,"Up to one month past due",IF(I16<=60,"One to two months past due",IF(I16<=90,"Two to three months past due","Over three months past due")))))) | K16: =IF(J16="","",IF(J16="Paid","None: closed",IF(J16="Current","Schedule for next payment run",IF(J16="Up to one month past due","Pay this week",IF(J16="One to two months past due","Contact vendor and confirm balance","Escalate and check for dispute"))))) | N16: Yellow cell = a setting you choose
E17: =IF(OR(C17="",D17=""),"",C17+D17) | H17: =IF(F17="","",F17-N(G17)) | I17: =IF(OR(H17="",E17=""),"",IF(H17<=0,0,MAX(0,'Aging Summary'!$Z$1-E17))) | J17: =IF(H17="","",IF(H17<=0,"Paid",IF(OR(I17="",I17=0),"Current",IF(I17<=30,"Up to one month past due",IF(I17<=60,"One to two months past due",IF(I17<=90,"Two to three months past due","Over three months past due")))))) | K17: =IF(J17="","",IF(J17="Paid","None: closed",IF(J17="Current","Schedule for next payment run",IF(J17="Up to one month past due","Pay this week",IF(J17="One to two months past due","Contact vendor and confirm balance","Escalate and check for dispute"))))) | N17: Green / amber / red highlights = status flags
E18: =IF(OR(C18="",D18=""),"",C18+D18) | H18: =IF(F18="","",F18-N(G18)) | I18: =IF(OR(H18="",E18=""),"",IF(H18<=0,0,MAX(0,'Aging Summary'!$Z$1-E18))) | J18: =IF(H18="","",IF(H18<=0,"Paid",IF(OR(I18="",I18=0),"Current",IF(I18<=30,"Up to one month past due",IF(I18<=60,"One to two months past due",IF(I18<=90,"Two to three months past due","Over three months past due")))))) | K18: =IF(J18="","",IF(J18="Paid","None: closed",IF(J18="Current","Schedule for next payment run",IF(J18="Up to one month past due","Pay this week",IF(J18="One to two months past due","Contact vendor and confirm balance","Escalate and check for dispute")))))
E19: =IF(OR(C19="",D19=""),"",C19+D19) | H19: =IF(F19="","",F19-N(G19)) | I19: =IF(OR(H19="",E19=""),"",IF(H19<=0,0,MAX(0,'Aging Summary'!$Z$1-E19))) | J19: =IF(H19="","",IF(H19<=0,"Paid",IF(OR(I19="",I19=0),"Current",IF(I19<=30,"Up to one month past due",IF(I19<=60,"One to two months past due",IF(I19<=90,"Two to three months past due","Over three months past due")))))) | K19: =IF(J19="","",IF(J19="Paid","None: closed",IF(J19="Current","Schedule for next payment run",IF(J19="Up to one month past due","Pay this week",IF(J19="One to two months past due","Contact vendor and confirm balance","Escalate and check for dispute")))))
E20: =IF(OR(C20="",D20=""),"",C20+D20) | H20: =IF(F20="","",F20-N(G20)) | I20: =IF(OR(H20="",E20=""),"",IF(H20<=0,0,MAX(0,'Aging Summary'!$Z$1-E20))) | J20: =IF(H20="","",IF(H20<=0,"Paid",IF(OR(I20="",I20=0),"Current",IF(I20<=30,"Up to one month past due",IF(I20<=60,"One to two months past due",IF(I20<=90,"Two to three months past due","Over three months past due")))))) | K20: =IF(J20="","",IF(J20="Paid","None: closed",IF(J20="Current","Schedule for next payment run",IF(J20="Up to one month past due","Pay this week",IF(J20="One to two months past due","Contact vendor and confirm balance","Escalate and check for dispute")))))
E21: =IF(OR(C21="",D21=""),"",C21+D21) | H21: =IF(F21="","",F21-N(G21)) | I21: =IF(OR(H21="",E21=""),"",IF(H21<=0,0,MAX(0,'Aging Summary'!$Z$1-E21))) | J21: =IF(H21="","",IF(H21<=0,"Paid",IF(OR(I21="",I21=0),"Current",IF(I21<=30,"Up to one month past due",IF(I21<=60,"One to two months past due",IF(I21<=90,"Two to three months past due","Over three months past due")))))) | K21: =IF(J21="","",IF(J21="Paid","None: closed",IF(J21="Current","Schedule for next payment run",IF(J21="Up to one month past due","Pay this week",IF(J21="One to two months past due","Contact vendor and confirm balance","Escalate and check for dispute")))))
E22: =IF(OR(C22="",D22=""),"",C22+D22) | H22: =IF(F22="","",F22-N(G22)) | I22: =IF(OR(H22="",E22=""),"",IF(H22<=0,0,MAX(0,'Aging Summary'!$Z$1-E22))) | J22: =IF(H22="","",IF(H22<=0,"Paid",IF(OR(I22="",I22=0),"Current",IF(I22<=30,"Up to one month past due",IF(I22<=60,"One to two months past due",IF(I22<=90,"Two to three months past due","Over three months past due")))))) | K22: =IF(J22="","",IF(J22="Paid","None: closed",IF(J22="Current","Schedule for next payment run",IF(J22="Up to one month past due","Pay this week",IF(J22="One to two months past due","Contact vendor and confirm balance","Escalate and check for dispute")))))
E23: =IF(OR(C23="",D23=""),"",C23+D23) | H23: =IF(F23="","",F23-N(G23)) | I23: =IF(OR(H23="",E23=""),"",IF(H23<=0,0,MAX(0,'Aging Summary'!$Z$1-E23))) | J23: =IF(H23="","",IF(H23<=0,"Paid",IF(OR(I23="",I23=0),"Current",IF(I23<=30,"Up to one month past due",IF(I23<=60,"One to two months past due",IF(I23<=90,"Two to three months past due","Over three months past due")))))) | K23: =IF(J23="","",IF(J23="Paid","None: closed",IF(J23="Current","Schedule for next payment run",IF(J23="Up to one month past due","Pay this week",IF(J23="One to two months past due","Contact vendor and confirm balance","Escalate and check for dispute")))))
E24: =IF(OR(C24="",D24=""),"",C24+D24) | H24: =IF(F24="","",F24-N(G24)) | I24: =IF(OR(H24="",E24=""),"",IF(H24<=0,0,MAX(0,'Aging Summary'!$Z$1-E24))) | J24: =IF(H24="","",IF(H24<=0,"Paid",IF(OR(I24="",I24=0),"Current",IF(I24<=30,"Up to one month past due",IF(I24<=60,"One to two months past due",IF(I24<=90,"Two to three months past due","Over three months past due")))))) | K24: =IF(J24="","",IF(J24="Paid","None: closed",IF(J24="Current","Schedule for next payment run",IF(J24="Up to one month past due","Pay this week",IF(J24="One to two months past due","Contact vendor and confirm balance","Escalate and check for dispute")))))
E25: =IF(OR(C25="",D25=""),"",C25+D25) | H25: =IF(F25="","",F25-N(G25)) | I25: =IF(OR(H25="",E25=""),"",IF(H25<=0,0,MAX(0,'Aging Summary'!$Z$1-E25))) | J25: =IF(H25="","",IF(H25<=0,"Paid",IF(OR(I25="",I25=0),"Current",IF(I25<=30,"Up to one month past due",IF(I25<=60,"One to two months past due",IF(I25<=90,"Two to three months past due","Over three months past due")))))) | K25: =IF(J25="","",IF(J25="Paid","None: closed",IF(J25="Current","Schedule for next payment run",IF(J25="Up to one month past due","Pay this week",IF(J25="One to two months past due","Contact vendor and confirm balance","Escalate and check for dispute")))))
E26: =IF(OR(C26="",D26=""),"",C26+D26) | H26: =IF(F26="","",F26-N(G26)) | I26: =IF(OR(H26="",E26=""),"",IF(H26<=0,0,MAX(0,'Aging Summary'!$Z$1-E26))) | J26: =IF(H26="","",IF(H26<=0,"Paid",IF(OR(I26="",I26=0),"Current",IF(I26<=30,"Up to one month past due",IF(I26<=60,"One to two months past due",IF(I26<=90,"Two to three months past due","Over three months past due")))))) | K26: =IF(J26="","",IF(J26="Paid","None: closed",IF(J26="Current","Schedule for next payment run",IF(J26="Up to one month past due","Pay this week",IF(J26="One to two months past due","Contact vendor and confirm balance","Escalate and check for dispute")))))
E27: =IF(OR(C27="",D27=""),"",C27+D27) | H27: =IF(F27="","",F27-N(G27)) | I27: =IF(OR(H27="",E27=""),"",IF(H27<=0,0,MAX(0,'Aging Summary'!$Z$1-E27))) | J27: =IF(H27="","",IF(H27<=0,"Paid",IF(OR(I27="",I27=0),"Current",IF(I27<=30,"Up to one month past due",IF(I27<=60,"One to two months past due",IF(I27<=90,"Two to three months past due","Over three months past due")))))) | K27: =IF(J27="","",IF(J27="Paid","None: closed",IF(J27="Current","Schedule for next payment run",IF(J27="Up to one month past due","Pay this week",IF(J27="One to two months past due","Contact vendor and confirm balance","Escalate and check for dispute")))))
E28: =IF(OR(C28="",D28=""),"",C28+D28) | H28: =IF(F28="","",F28-N(G28)) | I28: =IF(OR(H28="",E28=""),"",IF(H28<=0,0,MAX(0,'Aging Summary'!$Z$1-E28))) | J28: =IF(H28="","",IF(H28<=0,"Paid",IF(OR(I28="",I28=0),"Current",IF(I28<=30,"Up to one month past due",IF(I28<=60,"One to two months past due",IF(I28<=90,"Two to three months past due","Over three months past due")))))) | K28: =IF(J28="","",IF(J28="Paid","None: closed",IF(J28="Current","Schedule for next payment run",IF(J28="Up to one month past due","Pay this week",IF(J28="One to two months past due","Contact vendor and confirm balance","Escalate and check for dispute")))))
E29: =IF(OR(C29="",D29=""),"",C29+D29) | H29: =IF(F29="","",F29-N(G29)) | I29: =IF(OR(H29="",E29=""),"",IF(H29<=0,0,MAX(0,'Aging Summary'!$Z$1-E29))) | J29: =IF(H29="","",IF(H29<=0,"Paid",IF(OR(I29="",I29=0),"Current",IF(I29<=30,"Up to one month past due",IF(I29<=60,"One to two months past due",IF(I29<=90,"Two to three months past due","Over three months past due")))))) | K29: =IF(J29="","",IF(J29="Paid","None: closed",IF(J29="Current","Schedule for next payment run",IF(J29="Up to one month past due","Pay this week",IF(J29="One to two months past due","Contact vendor and confirm balance","Escalate and check for dispute")))))
... E154: =IF(OR(C154="",D154=""),"",C154+D154) | H154: =IF(F154="","",F154-N(G154)) | I154: =IF(OR(H154="",E154=""),"",IF(H154<=0,0,MAX(0,'Aging Summary'!$Z$1-E154))) | J154: =IF(H154="","",IF(H154<=0,"Paid",IF(OR(I154="",I154=0),"Current",IF(I154<=30,"Up to one month past due",IF(I154<=60,"One to two months past due",IF(I154<=90,"Two to three months past due","Over three months past due")))))) | K154: =IF(J154="","",IF(J154="Paid","None: closed",IF(J154="Current","Schedule for next payment run",IF(J154="Up to one month past due","Pay this week",IF(J154="One to two months past due","Contact vendor and confirm balance","Escalate and check for dispute")))))
