Workbook

Sheet Aging Summary
A1: AP Aging Summary & Payment Priorities
A2: Illustrative sample data for a fictional company. Not from any employer. Built by Tahsin Devrim Mahmud.
A4: Aging as of date | C4: 46295
A6: Bucket | C6: Balance Owing | D6: # Invoices | E6: % of Total
A7: Current | C7: =SUMIFS('Invoice Register'!$H$5:$H$500,'Invoice Register'!$J$5:$J$500,A7) -> 22838.72 | D7: =COUNTIF('Invoice Register'!$J$5:$J$500,A7) -> 7 | E7: =IFERROR(C7/$C$12,0) -> 0.19412826
A8: 1-30 | C8: =SUMIFS('Invoice Register'!$H$5:$H$500,'Invoice Register'!$J$5:$J$500,A8) -> 14513.09 | D8: =COUNTIF('Invoice Register'!$J$5:$J$500,A8) -> 3 | E8: =IFERROR(C8/$C$12,0) -> 0.12336072
A9: 31-60 | C9: =SUMIFS('Invoice Register'!$H$5:$H$500,'Invoice Register'!$J$5:$J$500,A9) -> 36850.81 | D9: =COUNTIF('Invoice Register'!$J$5:$J$500,A9) -> 6 | E9: =IFERROR(C9/$C$12,0) -> 0.3132305
A10: 61-90 | C10: =SUMIFS('Invoice Register'!$H$5:$H$500,'Invoice Register'!$J$5:$J$500,A10) -> 31877.32 | D10: =COUNTIF('Invoice Register'!$J$5:$J$500,A10) -> 6 | E10: =IFERROR(C10/$C$12,0) -> 0.27095602
A11: 90+ | C11: =SUMIFS('Invoice Register'!$H$5:$H$500,'Invoice Register'!$J$5:$J$500,A11) -> 11567.64 | D11: =COUNTIF('Invoice Register'!$J$5:$J$500,A11) -> 2 | E11: =IFERROR(C11/$C$12,0) -> 0.098324504
A12: Total outstanding | C12: =SUM(C7:C11) -> 117647.58 | D12: =SUM(D7:D11) -> 24 | E12: =SUM(E7:E11) -> 1
A14: CONTROL CHECKS
A15: Past due over 60 days | C15: =C10+C11 -> 43444.96
A16: Invoices failing 3-way match | C16: =COUNTIF('Invoice Register'!$L$5:$L$500,"No") -> 7
A17: Possible duplicate invoice #s | C17: =SUMPRODUCT(('Invoice Register'!$B$5:$B$500<>"")*(COUNTIF('Invoice Register'!$B$5:$B$500,'Invoice Register'!$B$5:$B$500)>1)) -> 0
A18: Ties to register total? | C18: =IF(ROUND(C12-SUM('Invoice Register'!$H$5:$H$500),2)=0,"Yes","CHECK") -> Yes
A35: Notes
A36: Change the as-of date in C4 to re-age every invoice. Buckets are based on days past the due date (invoice date + terms).
A37: Follow-up actions are assigned automatically from the aging bucket; red rows need escalation.

Sheet Invoice Register
A1: Accounts Payable Invoice Register
A2: Illustrative sample data for a fictional company. Not from any employer. Built by Tahsin Devrim Mahmud.
A4: Vendor | B4: Invoice # | C4: Invoice Date | D4: Terms (days) | E4: Due Date | F4: Invoice Amount | G4: Amount Paid | H4: Balance Owing | I4: Days Past Due | J4: Aging Bucket | K4: Follow-up Action | L4: 3-Way Match?
A5: Cintas Uniforms | B5: INV-24100 | C5: 46252 | D5: 30 | E5: =C5+D5 -> 46282 | F5: 12415.14 | G5: 0 | H5: =F5-G5 -> 12415.14 | I5: =IF(H5<=0,0,MAX(0,'Aging Summary'!$C$4-E5)) -> 13 | J5: =IF(H5<=0,"Paid",IF(I5=0,"Current",IF(I5<=30,"1-30",IF(I5<=60,"31-60",IF(I5<=90,"61-90","90+"))))) -> 1-30 | K5: =IF(J5="Paid","None - closed",IF(J5="Current","Schedule for next pay run",IF(J5="1-30","Pay this week",IF(J5="31-60","Contact vendor; confirm balance","Escalate to controller; check for dispute")))) -> Pay this week | L5: No
A6: Gordon Food Service | B6: INV-24107 | C6: 46173 | D6: 60 | E6: =C6+D6 -> 46233 | F6: 1980.87 | G6: 990.43 | H6: =F6-G6 -> 990.44 | I6: =IF(H6<=0,0,MAX(0,'Aging Summary'!$C$4-E6)) -> 62 | J6: =IF(H6<=0,"Paid",IF(I6=0,"Current",IF(I6<=30,"1-30",IF(I6<=60,"31-60",IF(I6<=90,"61-90","90+"))))) -> 61-90 | K6: =IF(J6="Paid","None - closed",IF(J6="Current","Schedule for next pay run",IF(J6="1-30","Pay this week",IF(J6="31-60","Contact vendor; confirm balance","Escalate to controller; check for dispute")))) -> Escalate to controller; check for dispute | L6: Yes
A7: Sysco Canada | B7: INV-24114 | C7: 46253 | D7: 45 | E7: =C7+D7 -> 46298 | F7: 6934.88 | G7: 0 | H7: =F7-G7 -> 6934.88 | I7: =IF(H7<=0,0,MAX(0,'Aging Summary'!$C$4-E7)) -> 0 | J7: =IF(H7<=0,"Paid",IF(I7=0,"Current",IF(I7<=30,"1-30",IF(I7<=60,"31-60",IF(I7<=90,"61-90","90+"))))) -> Current | K7: =IF(J7="Paid","None - closed",IF(J7="Current","Schedule for next pay run",IF(J7="1-30","Pay this week",IF(J7="31-60","Contact vendor; confirm balance","Escalate to controller; check for dispute")))) -> Schedule for next pay run | L7: Yes
A8: Hydro One | B8: INV-24121 | C8: 46158 | D8: 60 | E8: =C8+D8 -> 46218 | F8: 11682.26 | G8: 11682.26 | H8: =F8-G8 -> 0 | I8: =IF(H8<=0,0,MAX(0,'Aging Summary'!$C$4-E8)) -> 0 | J8: =IF(H8<=0,"Paid",IF(I8=0,"Current",IF(I8<=30,"1-30",IF(I8<=60,"31-60",IF(I8<=90,"61-90","90+"))))) -> Paid | K8: =IF(J8="Paid","None - closed",IF(J8="Current","Schedule for next pay run",IF(J8="1-30","Pay this week",IF(J8="31-60","Contact vendor; confirm balance","Escalate to controller; check for dispute")))) -> None - closed | L8: Yes
A9: Hydro One | B9: INV-24128 | C9: 46285 | D9: 30 | E9: =C9+D9 -> 46315 | F9: 2801.45 | G9: 1400.72 | H9: =F9-G9 -> 1400.73 | I9: =IF(H9<=0,0,MAX(0,'Aging Summary'!$C$4-E9)) -> 0 | J9: =IF(H9<=0,"Paid",IF(I9=0,"Current",IF(I9<=30,"1-30",IF(I9<=60,"31-60",IF(I9<=90,"61-90","90+"))))) -> Current | K9: =IF(J9="Paid","None - closed",IF(J9="Current","Schedule for next pay run",IF(J9="1-30","Pay this week",IF(J9="31-60","Contact vendor; confirm balance","Escalate to controller; check for dispute")))) -> Schedule for next pay run | L9: No
A10: Sysco Canada | B10: INV-24135 | C10: 46209 | D10: 30 | E10: =C10+D10 -> 46239 | F10: 6886.43 | G10: 0 | H10: =F10-G10 -> 6886.43 | I10: =IF(H10<=0,0,MAX(0,'Aging Summary'!$C$4-E10)) -> 56 | J10: =IF(H10<=0,"Paid",IF(I10=0,"Current",IF(I10<=30,"1-30",IF(I10<=60,"31-60",IF(I10<=90,"61-90","90+"))))) -> 31-60 | K10: =IF(J10="Paid","None - closed",IF(J10="Current","Schedule for next pay run",IF(J10="1-30","Pay this week",IF(J10="31-60","Contact vendor; confirm balance","Escalate to controller; check for dispute")))) -> Contact vendor; confirm balance | L10: Yes
A11: Staples Business | B11: INV-24142 | C11: 46175 | D11: 60 | E11: =C11+D11 -> 46235 | F11: 7366.86 | G11: 3683.43 | H11: =F11-G11 -> 3683.43 | I11: =IF(H11<=0,0,MAX(0,'Aging Summary'!$C$4-E11)) -> 60 | J11: =IF(H11<=0,"Paid",IF(I11=0,"Current",IF(I11<=30,"1-30",IF(I11<=60,"31-60",IF(I11<=90,"61-90","90+"))))) -> 31-60 | K11: =IF(J11="Paid","None - closed",IF(J11="Current","Schedule for next pay run",IF(J11="1-30","Pay this week",IF(J11="31-60","Contact vendor; confirm balance","Escalate to controller; check for dispute")))) -> Contact vendor; confirm balance | L11: No
A12: Sysco Canada | B12: INV-24149 | C12: 46259 | D12: 45 | E12: =C12+D12 -> 46304 | F12: 2050.62 | G12: 1025.31 | H12: =F12-G12 -> 1025.31 | I12: =IF(H12<=0,0,MAX(0,'Aging Summary'!$C$4-E12)) -> 0 | J12: =IF(H12<=0,"Paid",IF(I12=0,"Current",IF(I12<=30,"1-30",IF(I12<=60,"31-60",IF(I12<=90,"61-90","90+"))))) -> Current | K12: =IF(J12="Paid","None - closed",IF(J12="Current","Schedule for next pay run",IF(J12="1-30","Pay this week",IF(J12="31-60","Contact vendor; confirm balance","Escalate to controller; check for dispute")))) -> Schedule for next pay run | L12: Yes
A13: Cintas Uniforms | B13: INV-24156 | C13: 46246 | D13: 45 | E13: =C13+D13 -> 46291 | F13: 228.45 | G13: 0 | H13: =F13-G13 -> 228.45 | I13: =IF(H13<=0,0,MAX(0,'Aging Summary'!$C$4-E13)) -> 4 | J13: =IF(H13<=0,"Paid",IF(I13=0,"Current",IF(I13<=30,"1-30",IF(I13<=60,"31-60",IF(I13<=90,"61-90","90+"))))) -> 1-30 | K13: =IF(J13="Paid","None - closed",IF(J13="Current","Schedule for next pay run",IF(J13="1-30","Pay this week",IF(J13="31-60","Contact vendor; confirm balance","Escalate to controller; check for dispute")))) -> Pay this week | L13: Yes
A14: Sysco Canada | B14: INV-24163 | C14: 46171 | D14: 45 | E14: =C14+D14 -> 46216 | F14: 9114.38 | G14: 4557.19 | H14: =F14-G14 -> 4557.19 | I14: =IF(H14<=0,0,MAX(0,'Aging Summary'!$C$4-E14)) -> 79 | J14: =IF(H14<=0,"Paid",IF(I14=0,"Current",IF(I14<=30,"1-30",IF(I14<=60,"31-60",IF(I14<=90,"61-90","90+"))))) -> 61-90 | K14: =IF(J14="Paid","None - closed",IF(J14="Current","Schedule for next pay run",IF(J14="1-30","Pay this week",IF(J14="31-60","Contact vendor; confirm balance","Escalate to controller; check for dispute")))) -> Escalate to controller; check for dispute | L14: Yes
A15: Otis Elevator | B15: INV-24170 | C15: 46160 | D15: 45 | E15: =C15+D15 -> 46205 | F15: 7023.04 | G15: 0 | H15: =F15-G15 -> 7023.04 | I15: =IF(H15<=0,0,MAX(0,'Aging Summary'!$C$4-E15)) -> 90 | J15: =IF(H15<=0,"Paid",IF(I15=0,"Current",IF(I15<=30,"1-30",IF(I15<=60,"31-60",IF(I15<=90,"61-90","90+"))))) -> 61-90 | K15: =IF(J15="Paid","None - closed",IF(J15="Current","Schedule for next pay run",IF(J15="1-30","Pay this week",IF(J15="31-60","Contact vendor; confirm balance","Escalate to controller; check for dispute")))) -> Escalate to controller; check for dispute | L15: Yes
A16: Otis Elevator | B16: INV-24177 | C16: 46229 | D16: 30 | E16: =C16+D16 -> 46259 | F16: 3591.62 | G16: 0 | H16: =F16-G16 -> 3591.62 | I16: =IF(H16<=0,0,MAX(0,'Aging Summary'!$C$4-E16)) -> 36 | J16: =IF(H16<=0,"Paid",IF(I16=0,"Current",IF(I16<=30,"1-30",IF(I16<=60,"31-60",IF(I16<=90,"61-90","90+"))))) -> 31-60 | K16: =IF(J16="Paid","None - closed",IF(J16="Current","Schedule for next pay run",IF(J16="1-30","Pay this week",IF(J16="31-60","Contact vendor; confirm balance","Escalate to controller; check for dispute")))) -> Contact vendor; confirm balance | L16: Yes
... A32: Enbridge Gas | B32: INV-24289 | C32: 46278 | D32: 60 | E32: =C32+D32 -> 46338 | F32: 2438.8 | G32: 0 | H32: =F32-G32 -> 2438.8 | I32: =IF(H32<=0,0,MAX(0,'Aging Summary'!$C$4-E32)) -> 0 | J32: =IF(H32<=0,"Paid",IF(I32=0,"Current",IF(I32<=30,"1-30",IF(I32<=60,"31-60",IF(I32<=90,"61-90","90+"))))) -> Current | K32: =IF(J32="Paid","None - closed",IF(J32="Current","Schedule for next pay run",IF(J32="1-30","Pay this week",IF(J32="31-60","Contact vendor; confirm balance","Escalate to controller; check for dispute")))) -> Schedule for next pay run | L32: Yes
