Workbook

Sheet Dashboard
A1: Hotel Revenue Audit Dashboard - September 2026 MTD
A2: Fictional 250-room hotel. Illustrative sample data for a fictional company. Not from any employer. Built by Tahsin Devrim Mahmud.
A5: Cash variance tolerance (per day) | C5: 25
A7: KEY PERFORMANCE INDICATORS
A8: Total revenue (MTD) | E8: Room revenue (MTD)
A9: ='Daily Night Audit'!G35 -> 1568028.8 | E9: ='Daily Night Audit'!D35 -> 1273485.8
A10: Occupancy (MTD) | E10: ADR - average daily rate
A11: =IFERROR('Daily Night Audit'!C35/'Daily Night Audit'!B35,0) -> 0.80293333 | E11: =IFERROR('Daily Night Audit'!D35/'Daily Night Audit'!C35,0) -> 211.47224
A12: RevPAR | E12: Net cash over/(short)
A13: =IFERROR('Daily Night Audit'!D35/'Daily Night Audit'!B35,0) -> 169.79811 | E13: ='Daily Night Audit'!K35 -> -209.8
A14: Days flagged for investigation | E14: Largest single-day shortage
A15: =COUNTIF('Daily Night Audit'!O5:O34,"INVESTIGATE") -> 2 | E15: =MIN('Daily Night Audit'!K5:K34) -> -85
A17: REVENUE MIX (MTD)
A18: Rooms | C18: ='Daily Night Audit'!D35 -> 1273485.8 | E18: =IFERROR(C18/SUM($C$18:$C$20),0) -> 0.81215718
A19: Food & Beverage | C19: ='Daily Night Audit'!E35 -> 253495.16 | E19: =IFERROR(C19/SUM($C$18:$C$20),0) -> 0.16166487
A20: Other | C20: ='Daily Night Audit'!F35 -> 41047.79 | E20: =IFERROR(C20/SUM($C$18:$C$20),0) -> 0.026177957
A53: Notes
A54: Occupancy = rooms sold / rooms available. ADR = room revenue / rooms sold. RevPAR = room revenue / rooms available.
A55: A day is flagged when |cash over/short| exceeds the tolerance in C5. Card settlements = total revenue less cash expected.

Sheet Daily Night Audit
A1: Daily Revenue & Night Audit Log - September 2026
A2: Fictional 250-room hotel. Illustrative sample data for a fictional company. Not from any employer. Built by Tahsin Devrim Mahmud.
A4: Date | B4: Rooms Available | C4: Rooms Sold | D4: Room Revenue | E4: F&B Revenue | F4: Other Revenue | G4: Total Revenue | H4: Card Settlements | I4: Cash Expected | J4: Cash Deposited | K4: Cash Over/(Short) | L4: Occupancy | M4: ADR | N4: RevPAR | O4: Audit Flag
A5: 46266 | B5: 250 | C5: 213 | D5: 44837.55 | E5: 7701.34 | F5: 1060.7 | G5: =SUM(D5:F5) -> 53599.59 | H5: =G5-I5 -> 48818.13 | I5: 4781.46 | J5: 4781.46 | K5: =J5-I5 -> 0 | L5: =IFERROR(C5/B5,0) -> 0.852 | M5: =IFERROR(D5/C5,0) -> 210.50493 | N5: =IFERROR(D5/B5,0) -> 179.3502 | O5: =IF(ABS(K5)>Dashboard!$C$5,"INVESTIGATE","OK") -> OK
A6: 46267 | B6: 250 | C6: 215 | D6: 41721.27 | E6: 7834.28 | F6: 843.18 | G6: =SUM(D6:F6) -> 50398.73 | H6: =G6-I6 -> 46893.07 | I6: 3505.66 | J6: 3505.66 | K6: =J6-I6 -> 0 | L6: =IFERROR(C6/B6,0) -> 0.86 | M6: =IFERROR(D6/C6,0) -> 194.05242 | N6: =IFERROR(D6/B6,0) -> 166.88508 | O6: =IF(ABS(K6)>Dashboard!$C$5,"INVESTIGATE","OK") -> OK
A7: 46268 | B7: 250 | C7: 159 | D7: 32837.4 | E7: 6950.52 | F7: 2000.76 | G7: =SUM(D7:F7) -> 41788.68 | H7: =G7-I7 -> 39174.8 | I7: 2613.88 | J7: 2608.88 | K7: =J7-I7 -> -5 | L7: =IFERROR(C7/B7,0) -> 0.636 | M7: =IFERROR(D7/C7,0) -> 206.52453 | N7: =IFERROR(D7/B7,0) -> 131.3496 | O7: =IF(ABS(K7)>Dashboard!$C$5,"INVESTIGATE","OK") -> OK
A8: 46269 | B8: 250 | C8: 243 | D8: 54642.68 | E8: 12875.14 | F8: 710.02 | G8: =SUM(D8:F8) -> 68227.84 | H8: =G8-I8 -> 64561.01 | I8: 3666.83 | J8: 3666.83 | K8: =J8-I8 -> 0 | L8: =IFERROR(C8/B8,0) -> 0.972 | M8: =IFERROR(D8/C8,0) -> 224.867 | N8: =IFERROR(D8/B8,0) -> 218.57072 | O8: =IF(ABS(K8)>Dashboard!$C$5,"INVESTIGATE","OK") -> OK
A9: 46270 | B9: 250 | C9: 235 | D9: 54727.2 | E9: 7020 | F9: 1769.85 | G9: =SUM(D9:F9) -> 63517.05 | H9: =G9-I9 -> 59554.58 | I9: 3962.47 | J9: 3962.47 | K9: =J9-I9 -> 0 | L9: =IFERROR(C9/B9,0) -> 0.94 | M9: =IFERROR(D9/C9,0) -> 232.8817 | N9: =IFERROR(D9/B9,0) -> 218.9088 | O9: =IF(ABS(K9)>Dashboard!$C$5,"INVESTIGATE","OK") -> OK
A10: 46271 | B10: 250 | C10: 233 | D10: 50417.43 | E10: 9586.33 | F10: 1669.84 | G10: =SUM(D10:F10) -> 61673.6 | H10: =G10-I10 -> 58534.26 | I10: 3139.34 | J10: 3126.94 | K10: =J10-I10 -> -12.4 | L10: =IFERROR(C10/B10,0) -> 0.932 | M10: =IFERROR(D10/C10,0) -> 216.38382 | N10: =IFERROR(D10/B10,0) -> 201.66972 | O10: =IF(ABS(K10)>Dashboard!$C$5,"INVESTIGATE","OK") -> OK
A11: 46272 | B11: 250 | C11: 195 | D11: 36084.7 | E11: 4762.06 | F11: 694.33 | G11: =SUM(D11:F11) -> 41541.09 | H11: =G11-I11 -> 38187.51 | I11: 3353.58 | J11: 3353.58 | K11: =J11-I11 -> 0 | L11: =IFERROR(C11/B11,0) -> 0.78 | M11: =IFERROR(D11/C11,0) -> 185.04974 | N11: =IFERROR(D11/B11,0) -> 144.3388 | O11: =IF(ABS(K11)>Dashboard!$C$5,"INVESTIGATE","OK") -> OK
A12: 46273 | B12: 250 | C12: 181 | D12: 34991.7 | E12: 8600.72 | F12: 1394.41 | G12: =SUM(D12:F12) -> 44986.83 | H12: =G12-I12 -> 42438.12 | I12: 2548.71 | J12: 2551.21 | K12: =J12-I12 -> 2.5 | L12: =IFERROR(C12/B12,0) -> 0.724 | M12: =IFERROR(D12/C12,0) -> 193.32431 | N12: =IFERROR(D12/B12,0) -> 139.9668 | O12: =IF(ABS(K12)>Dashboard!$C$5,"INVESTIGATE","OK") -> OK
A13: 46274 | B13: 250 | C13: 185 | D13: 38998.34 | E13: 8132.54 | F13: 1982.38 | G13: =SUM(D13:F13) -> 49113.26 | H13: =G13-I13 -> 46110.63 | I13: 3002.63 | J13: 2917.63 | K13: =J13-I13 -> -85 | L13: =IFERROR(C13/B13,0) -> 0.74 | M13: =IFERROR(D13/C13,0) -> 210.80184 | N13: =IFERROR(D13/B13,0) -> 155.99336 | O13: =IF(ABS(K13)>Dashboard!$C$5,"INVESTIGATE","OK") -> INVESTIGATE
A14: 46275 | B14: 250 | C14: 198 | D14: 42268.71 | E14: 4924.42 | F14: 881.95 | G14: =SUM(D14:F14) -> 48075.08 | H14: =G14-I14 -> 45225.27 | I14: 2849.81 | J14: 2849.81 | K14: =J14-I14 -> 0 | L14: =IFERROR(C14/B14,0) -> 0.792 | M14: =IFERROR(D14/C14,0) -> 213.47833 | N14: =IFERROR(D14/B14,0) -> 169.07484 | O14: =IF(ABS(K14)>Dashboard!$C$5,"INVESTIGATE","OK") -> OK
A15: 46276 | B15: 250 | C15: 205 | D15: 46001.69 | E15: 11212.99 | F15: 1020.39 | G15: =SUM(D15:F15) -> 58235.07 | H15: =G15-I15 -> 55313.78 | I15: 2921.29 | J15: 2923.79 | K15: =J15-I15 -> 2.5 | L15: =IFERROR(C15/B15,0) -> 0.82 | M15: =IFERROR(D15/C15,0) -> 224.39849 | N15: =IFERROR(D15/B15,0) -> 184.00676 | O15: =IF(ABS(K15)>Dashboard!$C$5,"INVESTIGATE","OK") -> OK
A16: 46277 | B16: 250 | C16: 239 | D16: 52525.06 | E16: 11030.73 | F16: 2124.96 | G16: =SUM(D16:F16) -> 65680.75 | H16: =G16-I16 -> 60582.63 | I16: 5098.12 | J16: 5098.12 | K16: =J16-I16 -> 0 | L16: =IFERROR(C16/B16,0) -> 0.956 | M16: =IFERROR(D16/C16,0) -> 219.77013 | N16: =IFERROR(D16/B16,0) -> 210.10024 | O16: =IF(ABS(K16)>Dashboard!$C$5,"INVESTIGATE","OK") -> OK
... A34: 46295 | B34: 250 | C34: 161 | D34: 33460.57 | E34: 8863.95 | F34: 1233.34 | G34: =SUM(D34:F34) -> 43557.86 | H34: =G34-I34 -> 40680.62 | I34: 2877.24 | J34: 2877.24 | K34: =J34-I34 -> 0 | L34: =IFERROR(C34/B34,0) -> 0.644 | M34: =IFERROR(D34/C34,0) -> 207.82963 | N34: =IFERROR(D34/B34,0) -> 133.84228 | O34: =IF(ABS(K34)>Dashboard!$C$5,"INVESTIGATE","OK") -> OK
A35: MTD Total | B35: =SUM(B5:B34) -> 7500 | C35: =SUM(C5:C34) -> 6022 | D35: =SUM(D5:D34) -> 1273485.8 | E35: =SUM(E5:E34) -> 253495.16 | F35: =SUM(F5:F34) -> 41047.79 | G35: =SUM(G5:G34) -> 1568028.8 | H35: =SUM(H5:H34) -> 1464007.4 | I35: =SUM(I5:I34) -> 104021.39 | ... K35: =SUM(K5:K34) -> -209.8
